mean_fit_time,std_fit_time,mean_score_time,std_score_time,param_clf__subsample,param_clf__n_estimators,param_clf__min_child_weight,param_clf__max_depth,param_clf__learning_rate,param_clf__colsample_bytree,params,split0_test_score,split1_test_score,split2_test_score,split3_test_score,split4_test_score,mean_test_score,std_test_score,rank_test_score
2.9472853183746337,0.0512445222488853,0.09245095252990723,0.02332718619989706,1.0,200,3,3,0.05,1.0,"{'clf__subsample': 1.0, 'clf__n_estimators': 200, 'clf__min_child_weight': 3, 'clf__max_depth': 3, 'clf__learning_rate': 0.05, 'clf__colsample_bytree': 1.0}",0.4695359598664943,0.4633568345377495,0.49110858317180733,0.4763419091098564,0.4655399717360693,0.4731766516843954,0.009995752575752661,15
14.351966333389282,0.14857923407434803,0.2896243095397949,0.03533478478809363,0.85,600,3,6,0.03,0.6,"{'clf__subsample': 0.85, 'clf__n_estimators': 600, 'clf__min_child_weight': 3, 'clf__max_depth': 6, 'clf__learning_rate': 0.03, 'clf__colsample_bytree': 0.6}",0.5364180999121749,0.5155587456271423,0.5518854216720015,0.5333640613457191,0.5336699468871636,0.5341792550888402,0.011542686598101237,4
8.217520761489869,0.06189462622011106,0.1471104145050049,0.017138165579476113,0.7,200,5,8,0.05,1.0,"{'clf__subsample': 0.7, 'clf__n_estimators': 200, 'clf__min_child_weight': 5, 'clf__max_depth': 8, 'clf__learning_rate': 0.05, 'clf__colsample_bytree': 1.0}",0.5489899682677105,0.5225068420056114,0.5617893541479327,0.5363605289876673,0.5289494408601738,0.5397192268538191,0.014117878728827808,1
9.308238220214843,0.23135588737568613,0.16856856346130372,0.005971649734506947,1.0,600,5,4,0.05,0.8,"{'clf__subsample': 1.0, 'clf__n_estimators': 600, 'clf__min_child_weight': 5, 'clf__max_depth': 4, 'clf__learning_rate': 0.05, 'clf__colsample_bytree': 0.8}",0.5049433924184281,0.5041275275234098,0.5333734034689209,0.5082210028983923,0.4948449054547228,0.5091020463527748,0.01292425100765439,12
12.386512422561646,0.6356476805595846,0.2907665729522705,0.03343524322394538,1.0,400,5,8,0.1,0.8,"{'clf__subsample': 1.0, 'clf__n_estimators': 400, 'clf__min_child_weight': 5, 'clf__max_depth': 8, 'clf__learning_rate': 0.1, 'clf__colsample_bytree': 0.8}",0.5274859119897711,0.519843980861446,0.54955363410156,0.524496370108824,0.5308250092160532,0.5304409812555309,0.010215754790425545,6
15.673160219192505,0.0735219126867141,0.26326956748962405,0.02439734726002959,0.85,400,5,8,0.05,0.8,"{'clf__subsample': 0.85, 'clf__n_estimators': 400, 'clf__min_child_weight': 5, 'clf__max_depth': 8, 'clf__learning_rate': 0.05, 'clf__colsample_bytree': 0.8}",0.5401084327978362,0.5308436969282305,0.5508988987823363,0.5348593207574165,0.5289800641184582,0.5371380826768556,0.007868269878025328,3
15.738710117340087,0.2791670940672897,0.2401606559753418,0.008906892439066637,0.85,600,1,6,0.1,0.6,"{'clf__subsample': 0.85, 'clf__n_estimators': 600, 'clf__min_child_weight': 1, 'clf__max_depth': 6, 'clf__learning_rate': 0.1, 'clf__colsample_bytree': 0.6}",0.5363749145073192,0.5243215477318081,0.5198956087104579,0.5288367576201095,0.51166869004261,0.5242195037224608,0.008310264135212585,7
5.6801159381866455,0.1352648433796333,0.14085536003112792,0.01451574232973247,0.85,200,3,6,0.1,0.6,"{'clf__subsample': 0.85, 'clf__n_estimators': 200, 'clf__min_child_weight': 3, 'clf__max_depth': 6, 'clf__learning_rate': 0.1, 'clf__colsample_bytree': 0.6}",0.5306377767825277,0.52931199234651,0.5578765512500453,0.5422035739074237,0.5287385658122442,0.5377536920197502,0.01120626571155885,2
13.951345872879028,0.22457964007526976,0.185471773147583,0.004857022383409173,0.85,400,5,8,0.1,1.0,"{'clf__subsample': 0.85, 'clf__n_estimators': 400, 'clf__min_child_weight': 5, 'clf__max_depth': 8, 'clf__learning_rate': 0.1, 'clf__colsample_bytree': 1.0}",0.5296424006954817,0.5097062103279224,0.5337834660391879,0.5235786711091054,0.5199245028442777,0.523327050203195,0.00832331910349966,8
9.107895278930664,0.14295007866529488,0.11949338912963867,0.0033905176966926727,0.85,600,5,3,0.1,1.0,"{'clf__subsample': 0.85, 'clf__n_estimators': 600, 'clf__min_child_weight': 5, 'clf__max_depth': 3, 'clf__learning_rate': 0.1, 'clf__colsample_bytree': 1.0}",0.5149521370108395,0.4883983919135421,0.5450769011083244,0.5130968337541261,0.5141503872402423,0.5151349302054149,0.017980660036441762,9
5.280451869964599,0.14610495704742793,0.09319095611572266,0.006325806087786742,1.0,400,3,3,0.1,0.8,"{'clf__subsample': 1.0, 'clf__n_estimators': 400, 'clf__min_child_weight': 3, 'clf__max_depth': 3, 'clf__learning_rate': 0.1, 'clf__colsample_bytree': 0.8}",0.496120478725014,0.49698702910627707,0.5142371239361562,0.5112142271795951,0.49144100994082857,0.5019999737775742,0.009009329646722936,13
6.0189124584198,0.30098527678988574,0.09544734954833985,0.01611632062694899,0.7,400,1,3,0.1,1.0,"{'clf__subsample': 0.7, 'clf__n_estimators': 400, 'clf__min_child_weight': 1, 'clf__max_depth': 3, 'clf__learning_rate': 0.1, 'clf__colsample_bytree': 1.0}",0.5043259705556628,0.5005617028922114,0.5330166361459977,0.4989586248336458,0.51166186545003,0.5097049599755095,0.012452149382056705,11
7.624726104736328,0.09557195425719076,0.09300308227539063,0.020877128044051108,1.0,600,3,4,0.05,1.0,"{'clf__subsample': 1.0, 'clf__n_estimators': 600, 'clf__min_child_weight': 3, 'clf__max_depth': 4, 'clf__learning_rate': 0.05, 'clf__colsample_bytree': 1.0}",0.5080634260099209,0.5043222708676623,0.530103508936814,0.5158337079117333,0.4993763686495926,0.5115398564751447,0.010725445442874263,10
3.2896841526031495,0.08233750143903916,0.07269673347473145,0.005412181024768961,0.85,200,5,4,0.05,0.8,"{'clf__subsample': 0.85, 'clf__n_estimators': 200, 'clf__min_child_weight': 5, 'clf__max_depth': 4, 'clf__learning_rate': 0.05, 'clf__colsample_bytree': 0.8}",0.49345468949747023,0.48881795851592136,0.5197014812533725,0.507542575042575,0.48687355917311753,0.4992780526964914,0.01251091805114616,14
7.236890506744385,0.18928404051526804,0.07637381553649902,0.0008184678065805017,0.7,400,3,6,0.03,1.0,"{'clf__subsample': 0.7, 'clf__n_estimators': 400, 'clf__min_child_weight': 3, 'clf__max_depth': 6, 'clf__learning_rate': 0.03, 'clf__colsample_bytree': 1.0}",0.5405818659353091,0.5191291232211949,0.5551282179129099,0.5294989742766035,0.5251765179427951,0.5339029398577625,0.012719524302084829,5
