mean_fit_time,std_fit_time,mean_score_time,std_score_time,param_clf__n_estimators,param_clf__min_samples_leaf,param_clf__max_features,param_clf__max_depth,params,split0_test_score,split1_test_score,split2_test_score,split3_test_score,split4_test_score,mean_test_score,std_test_score,rank_test_score
2.8128628730773926,0.3003091836675464,5.323868894577027,0.26642881247392475,200,5,sqrt,,"{'clf__n_estimators': 200, 'clf__min_samples_leaf': 5, 'clf__max_features': 'sqrt', 'clf__max_depth': None}",0.5337914604162515,0.5331370723584312,0.561689085802561,0.5556556527978275,0.5399370697729843,0.5448420682296111,0.011695618697322396,2
5.877341556549072,1.2674504575218462,2.299212646484375,1.2629805758902863,200,10,0.3,20,"{'clf__n_estimators': 200, 'clf__min_samples_leaf': 10, 'clf__max_features': 0.3, 'clf__max_depth': 20}",0.5357242450522751,0.5263996710773323,0.5582160268260797,0.5569539243881397,0.5256471112161303,0.5405881957119915,0.014330287911476645,4
7.856078577041626,0.13225980786781324,0.4357715606689453,0.041163236234260055,200,3,0.5,,"{'clf__n_estimators': 200, 'clf__min_samples_leaf': 3, 'clf__max_features': 0.5, 'clf__max_depth': None}",0.5197823539192873,0.5410665239278496,0.5339836415888413,0.5341590615827754,0.5345160565426319,0.5327015275122771,0.006984825681895485,9
4.318825387954712,1.7139010466616222,2.111951208114624,0.917102050086759,200,1,sqrt,,"{'clf__n_estimators': 200, 'clf__min_samples_leaf': 1, 'clf__max_features': 'sqrt', 'clf__max_depth': None}",0.4791694097010058,0.4556884892396396,0.46542052146395635,0.4410609524696172,0.4761048705139896,0.4634888486776417,0.013947268524094525,15
3.303380918502808,0.9221178210560858,1.5514130115509033,0.259370267939618,200,5,sqrt,10,"{'clf__n_estimators': 200, 'clf__min_samples_leaf': 5, 'clf__max_features': 'sqrt', 'clf__max_depth': 10}",0.5076803290866545,0.5056830452031477,0.5393864907278956,0.52806097624925,0.5098671299801372,0.518135594249417,0.013288038664358235,12
5.794546175003052,0.18080148647765473,0.863482666015625,0.3506497085503359,200,3,sqrt,20,"{'clf__n_estimators': 200, 'clf__min_samples_leaf': 3, 'clf__max_features': 'sqrt', 'clf__max_depth': 20}",0.5317346395131247,0.5279854846233742,0.5458457896597996,0.5383402314487786,0.5356300279578085,0.5359072346405771,0.006081708087642737,5
5.307873725891113,0.9700142344351723,2.5532837867736817,1.166139237224047,200,3,0.3,,"{'clf__n_estimators': 200, 'clf__min_samples_leaf': 3, 'clf__max_features': 0.3, 'clf__max_depth': None}",0.5194029771275471,0.5306899407399334,0.5451673546272596,0.5353503360251162,0.5429166140373037,0.5347054445114321,0.009247491896643792,6
5.956189966201782,0.6286971826120926,1.3891243934631348,0.8276600842286118,200,3,0.3,10,"{'clf__n_estimators': 200, 'clf__min_samples_leaf': 3, 'clf__max_features': 0.3, 'clf__max_depth': 10}",0.5211032328792552,0.5093384398529744,0.5464822906554,0.5497354497354497,0.5204234092718959,0.5294165644789951,0.015856957585597735,10
5.902178573608398,0.30206141723633584,0.8274625778198242,0.22620156100619085,200,5,0.3,,"{'clf__n_estimators': 200, 'clf__min_samples_leaf': 5, 'clf__max_features': 0.3, 'clf__max_depth': None}",0.5396693129212768,0.5416078332949716,0.5613719940185931,0.5533189071420628,0.5392461096532092,0.5470428314060227,0.008825087843469978,1
5.009348297119141,1.6060329748014095,0.7570734977722168,0.7131590506723582,200,10,sqrt,20,"{'clf__n_estimators': 200, 'clf__min_samples_leaf': 10, 'clf__max_features': 'sqrt', 'clf__max_depth': 20}",0.520119085186569,0.5204011553030977,0.5556778461595128,0.5511800845331256,0.5208414611682776,0.5336439264701166,0.016218544288693536,7
11.575119113922119,0.6256458557351913,4.717938184738159,0.2648545626659292,400,10,0.5,10,"{'clf__n_estimators': 400, 'clf__min_samples_leaf': 10, 'clf__max_features': 0.5, 'clf__max_depth': 10}",0.5137191603779828,0.5108624172513951,0.5524421197850825,0.5385473328239478,0.5189175003041714,0.5268977061085159,0.016016985444653534,11
9.401368474960327,0.8222865477634675,4.740735149383545,0.22270429931156727,400,10,sqrt,10,"{'clf__n_estimators': 400, 'clf__min_samples_leaf': 10, 'clf__max_features': 'sqrt', 'clf__max_depth': 10}",0.49074178264417134,0.49644058305320754,0.5397839529613787,0.5284442338860491,0.49139733023536153,0.5093615765560335,0.020620532200762275,13
14.19115400314331,0.9884873091812799,1.9641007900238037,1.1967101293225795,400,1,0.3,,"{'clf__n_estimators': 400, 'clf__min_samples_leaf': 1, 'clf__max_features': 0.3, 'clf__max_depth': None}",0.4875592127682928,0.4797453360971276,0.46486681486681486,0.4409139780231283,0.4844923881572803,0.4715155459825288,0.017170839869466215,14
10.845115566253662,1.7095214384971544,1.2838413715362549,0.8799496859430389,400,5,0.5,10,"{'clf__n_estimators': 400, 'clf__min_samples_leaf': 5, 'clf__max_features': 0.5, 'clf__max_depth': 10}",0.5317112843757982,0.5145697549820544,0.5511044741072747,0.5522599890868666,0.5165931914658609,0.5332477388035709,0.016179804544002977,8
9.102399969100953,0.4618855313406635,0.4919274806976318,0.19146476943506938,400,5,sqrt,,"{'clf__n_estimators': 400, 'clf__min_samples_leaf': 5, 'clf__max_features': 'sqrt', 'clf__max_depth': None}",0.5384348866660459,0.52975085918052,0.5606869805368633,0.5592171972542791,0.5357071084615439,0.5447594064198504,0.01272725792731855,3
