,before,before,before,before,before,before,before,after,after,after,after,after,after,after
,records,flag_rate,recall_nf,false_alarm_rate,actual_nf_share,broken_points,accuracy_3_class,records,flag_rate,recall_nf,false_alarm_rate,actual_nf_share,broken_points,accuracy_3_class
clean_adm1,,,,,,,,,,,,,,
Busia,324.0,0.5216049382716049,0.6666666666666666,0.4925925925925926,0.16666666666666666,54,0.6666666666666666,324.0,0.36728395061728397,0.5555555555555556,0.3296296296296296,0.16666666666666666,54,0.6666666666666666
Embu,135.0,0.32592592592592595,0.391304347826087,0.3125,0.17037037037037037,23,0.837037037037037,135.0,0.25925925925925924,0.2608695652173913,0.25892857142857145,0.17037037037037037,23,0.837037037037037
Kajiado,95.0,0.12631578947368421,0.0,0.13793103448275862,0.08421052631578947,8,0.8631578947368421,95.0,0.35789473684210527,0.125,0.3793103448275862,0.08421052631578947,8,0.8631578947368421
Kakamega,250.0,0.228,0.5,0.19642857142857142,0.104,26,0.648,250.0,0.368,0.7307692307692307,0.32589285714285715,0.104,26,0.648
Kiambu,52.0,0.17307692307692307,0.2,0.1702127659574468,0.09615384615384616,5,0.9038461538461539,52.0,0.34615384615384615,0.2,0.3617021276595745,0.09615384615384616,5,0.9038461538461539
Kisumu,315.0,0.5079365079365079,0.8032786885245902,0.43700787401574803,0.19365079365079366,61,0.7841269841269841,315.0,0.3333333333333333,0.6885245901639344,0.24803149606299213,0.19365079365079366,61,0.7841269841269841
Makueni,296.0,0.6824324324324325,0.8589743589743589,0.6192660550458715,0.2635135135135135,78,0.5033783783783784,296.0,0.46959459459459457,0.7307692307692307,0.3761467889908257,0.2635135135135135,78,0.5033783783783784
Migori,94.0,0.46808510638297873,0.8,0.4050632911392405,0.1595744680851064,15,0.5,94.0,0.5106382978723404,0.7333333333333333,0.46835443037974683,0.1595744680851064,15,0.5
Nyamira,164.0,0.03048780487804878,0.125,0.02564102564102564,0.04878048780487805,8,0.7378048780487805,164.0,0.18292682926829268,0.5,0.16666666666666666,0.04878048780487805,8,0.7378048780487805
Siaya,152.0,0.5263157894736842,0.7931034482758621,0.4634146341463415,0.19078947368421054,29,0.7631578947368421,152.0,0.4342105263157895,0.7586206896551724,0.35772357723577236,0.19078947368421054,29,0.7631578947368421
