feature,change,class_changed,flag_changed,mean_abs_change_p_nf
age_at_report,-2,0.024552429667519183,0.02404092071611253,0.009137173580898621
age_at_report,-1,0.01381074168797954,0.015345268542199489,0.0056527655045729664
age_at_report,1,0.016368286445012786,0.018414322250639385,0.006043666595817316
age_at_report,2,0.02710997442455243,0.02404092071611253,0.010203651993004798
local_population,-0.2,0.03324808184143223,0.02864450127877238,0.012321778831907323
local_population,-0.1,0.021994884910485932,0.023017902813299233,0.008060199243069544
local_population,0.1,0.021483375959079284,0.020460358056265986,0.007366340513701755
local_population,0.2,0.03375959079283888,0.02557544757033248,0.011064926055003492
assigned_population,-0.2,0.02762148337595908,0.022506393861892585,0.010068601689313388
assigned_population,-0.1,0.019437340153452685,0.014833759590792838,0.006281157440718489
assigned_population,0.1,0.01381074168797954,0.01687979539641944,0.005697681729784154
assigned_population,0.2,0.02864450127877238,0.02608695652173913,0.008991967796597026
usage_cap,-0.2,0.05421994884910486,0.046547314578005115,0.02725263741749452
usage_cap,-0.1,0.05421994884910486,0.046547314578005115,0.02725263741749452
usage_cap,0.1,0.0,0.0,1.3415490656416034e-17
usage_cap,0.2,0.0025575447570332483,0.004603580562659846,0.0032533350735590018
criticality,-0.2,0.032225063938618924,0.024552429667519183,0.01107670403773002
criticality,-0.1,0.019437340153452685,0.018414322250639385,0.007042664829301108
criticality,0.1,0.019948849104859334,0.01432225063938619,0.00576579390928375
criticality,0.2,0.028132992327365727,0.02864450127877238,0.008923015693664525
pressure,-0.2,0.02404092071611253,0.01687979539641944,0.00900693070463856
pressure,-0.1,0.014833759590792838,0.012276214833759591,0.005359849885392626
pressure,0.1,0.01329923273657289,0.009718670076726343,0.005263857116797859
pressure,0.2,0.02762148337595908,0.02557544757033248,0.008196041509055159
distance_to_primary,-0.2,0.04501278772378517,0.03989769820971867,0.01608996082468321
distance_to_primary,-0.1,0.031713554987212275,0.03017902813299233,0.009955145231402807
distance_to_primary,0.1,0.034782608695652174,0.021994884910485932,0.009000627434324058
distance_to_primary,0.2,0.04296675191815857,0.02762148337595908,0.013473915791721736
distance_to_secondary,-0.2,0.03017902813299233,0.02710997442455243,0.009694957927111997
distance_to_secondary,-0.1,0.016368286445012786,0.014833759590792838,0.006056927275289673
distance_to_secondary,0.1,0.015856777493606138,0.01278772378516624,0.005220346296672219
distance_to_secondary,0.2,0.02762148337595908,0.020971867007672635,0.008164505685737879
distance_to_tertiary,-0.2,0.01687979539641944,0.015856777493606138,0.00787958790133761
distance_to_tertiary,-0.1,0.011764705882352941,0.008695652173913044,0.004724448153432796
distance_to_tertiary,0.1,0.010741687979539642,0.009207161125319692,0.004539313863268862
distance_to_tertiary,0.2,0.017391304347826087,0.01432225063938619,0.007004499351468539
distance_to_city,-0.2,0.06342710997442455,0.04859335038363171,0.01967170792627869
distance_to_city,-0.1,0.04245524296675192,0.032225063938618924,0.012445364884847026
distance_to_city,0.1,0.03273657289002557,0.030690537084398978,0.012386048068988558
distance_to_city,0.2,0.05012787723785166,0.04245524296675192,0.018189887730208416
distance_to_town,-0.2,0.05524296675191816,0.052685421994884914,0.019350526534319065
distance_to_town,-0.1,0.03324808184143223,0.03017902813299233,0.010995662154958284
distance_to_town,0.1,0.03017902813299233,0.03324808184143223,0.010961917462526578
distance_to_town,0.2,0.04808184143222506,0.05166240409207161,0.01732221945300472
install_year_missing,set to unknown,0.08491048593350384,0.0710997442455243,0.029121663704906407
all numeric inputs,10% random noise,0.0792838874680307,0.07774936061381074,0.030107899349673187
