,Functional,Needs Repair,Non-Functional,all_classes
water_tech_clean,0.06712046051539737,0.08211663049851282,0.03607947358030741,0.1853165645942176
water_source_clean,0.04858730331018537,0.06126043690762797,0.07362900764381482,0.18347674786162815
distance_to_primary,0.03776092811829947,0.03921096783630098,0.015134323704360023,0.09210621965896046
age_at_report,0.030137946805268937,0.021189710932405566,0.013058888870592726,0.06438654660826723
distance_to_town,0.022444812115054134,0.01677503002921164,0.023122360406317037,0.06234220255058281
distance_to_city,0.02160963290643411,0.01819405447639729,0.017720866069361,0.0575245534521924
distance_to_secondary,0.01959953518154782,0.023266621886826957,0.014049109618951583,0.05691526668732636
local_population,0.017888422941546356,0.010151351674957168,0.013929649664197997,0.04196942428070152
criticality,0.014964950178315395,0.01094584046586738,0.01484649551295744,0.040757286157140214
management_clean,0.016228722856545606,0.010648098278252147,0.010938394347931335,0.037815215482729085
distance_to_tertiary,0.014749302508027622,0.00851842419463567,0.009899829615228851,0.033167556317892144
pressure,0.012036762336789773,0.009747238237352122,0.008089683905702054,0.029873684479843947
assigned_population,0.010769778249748486,0.006939512165712832,0.007766257565571144,0.02547554798103246
usage_cap,0.003571622117081718,0.007908166028645872,0.005831080322802776,0.017310868468530364
is_urban,0.002623515022643539,0.0003548122432027376,0.002339414624792156,0.005317741890638433
install_year_missing,0.0011524370024751788,0.0009535600088893988,0.0004454349928145405,0.002551432004179118
